{
    "metadata": {
        "schemaVersion": "1.0",
        "importType": "LEX",
        "importFormat": "JSON"
    },
    "resource": {
        "description": "intent description",
        "name": "Hello_World",
        "version": "version number",
        "fulfillmentActivity": {
            "type": "ReturnIntent"
        },
        "sampleUtterances": [
            "What is the sales of {game}?",
            "What is the sales of {game} for {timeInterval}?",
            "What are the sales of {game} for {timeInterval}?",
            "What are the sales of {game} for {timeInterval}?",
            "What is the sale of {game} for {timeInterval}?",
            "What is the sale of {game} for {timeInterval}?",
            "How is the sales of {game} for {timeInterval}?",
            "How does the sales of {game} for {timeInterval}?",
            "What is the sales of {game} for {timeInterval}?",
            "What is the sale of {game}?",
            "What are the sales of {game} for {timeInterval}?",
            "What is the sales of {game} for {timeInterval}?",
            "How many people are sold of {game} in {timeInterval}?",
            "How is sales of {game} for {timeInterval}?",
            "What is the sales of {game}?",
            "How much sales did a name get for {timeInterval}?",
            "How can we calculate sales of {game} for {timeInterval}?",
            "What are the sales of {game}?",
            "What are sales of {game} for {timeInterval}?",
            "What is the sales of {game}?",
            "What are sales of {game} for {timeInterval}?",
            "What are the sales of {game} in {timeInterval}?",
            "How do you calculate the sales of {game} for {timeInterval}?",
            "What are the sales of {game}?",
            "How much is the sale of {game} for {timeInterval}?",
            "What is the sale of {game} for {timeInterval}?",
            "How can I sell {game} for {timeInterval}?",
            "What are the sales of {game} during {timeInterval}?",
            "How did the sales of {game} for {timeInterval}?",
            "What are sales of {game} for {timeInterval}?",
            "What are sales of titles of {timeInterval}?",
            "How much are the sales of {game} for {timeInterval}?",
            "How do you calculate the sales of {game}?",
            "How do I know the sales of {game}?",
            "How does the sales of {game} of {timeInterval}?",
            "How much sales does {game} for {timeInterval} do?",
            "How much revenue does {game} generate during {timeInterval}?",
            "How much are sales of {game} for {timeInterval}?",
            "How does {game} get used? What is the sale of {game}?",
            "How are sales of {game} for {timeInterval}?"
        ]
    }
}